UNIQUEID,gh
105367,9tbqbz9
105367,9tbqbzd
110361,9qh3pb8
110361,9qh2zz9
110361,9qh2zzc
110361,9qh3pb1
110361,9qh3pb3
110361,9qh3pb9
110361,9qh2zzd
110361,9qh2zzf
110361,9qh3pb4
110361,9qh3pb6
110361,9qh3pbd
110361,9qh3pbf
110361,9qh2zze
110361,9qh2zzg
110361,9qh3pb5
110361,9qh3pb7
110361,9qh3pbe
110361,9qh3pbg
110361,9qh3pc5
110361,9qh2zzs
110361,9qh2zzu
110361,9qh3pbh
110361,9qh3pbk
110361,9qh3pbs
110361,9qh3pbu
110361,9qh3pch
110361,9qh2zzt
110361,9qh2zzv
110361,9qh3pbj
110361,9qh3pbm
110361,9qh3pbt
110361,9qh3pbv
110361,9qh3pcj
110361,9qh3pcm
110361,9qh2zzy
110361,9qh3pbn
110361,9qh3pbq
110361,9qh3pbw
110361,9qh3pby
110361,9qh3pcn
110361,9qh3pcq
110361,9qh2zzz
110361,9qh3pbp
110361,9qh3pbr
110361,9qh3pbx
110361,9qh3pbz
110361,9qh3pcp
110361,9qh9000
110361,9qh9002
110361,9qh9008
110361,9qh9003
111391,9mudjuu
111391,9mudjuv
113698,9qbb5cz
113698,9qbbh18
113698,9qbbh1b
113698,9qbbh40
113698,9qbbh19
113698,9qbbh1c
113698,9qbbh41
113698,9qbbh43
113698,9qbbh1d
113698,9qbbh1f
113698,9qbbh44
113698,9qbbh46
113698,9qbbh1g
113698,9qbbh45
113698,9qbbh1u
113698,9qbbh4h
113698,9qbbh1v
113698,9qbbh4j
113698,9qbbh4m
113698,9qbbh1y
113698,9qbbh4n
113698,9qbbh4q
113698,9qbbh1z
113698,9qbbh4p
113698,9qbbh4r
113698,9qbbh62
121309,9mud5g1
121309,9mud5g3
121309,9mud5g9
121309,9mud5gc
121309,9mud5g4
121309,9mud5g6
121309,9mud5gd
121309,9mud5gf
121309,9mud5u4
121309,9mud5u6
121309,9mud5g5
121309,9mud5g7
121309,9mud5ge
121309,9mud5gg
121309,9mud5u5
121309,9mud5u7
121309,9mud5ue
121309,9mud5ug
121309,9mud5v5
121309,9mud5gh
121309,9mud5gk
121309,9mud5gs
121309,9mud5gu
121309,9mud5uh
121309,9mud5uk
121309,9mud5us
121309,9mud5uu
121309,9mud5gm
121309,9mud5gt
121309,9mud5gv
121309,9mud5uj
121309,9mud5um
121309,9mud5ut
121309,9mud5uq
